TimeRemaining,AwayPlay,Score,HomePlay
11:43.0, ,0-0,N. Jokić misses 2-pt hook shot from 8 ft
11:41.0,Defensive rebound by K. Thompson,0-0, 
11:28.0,J. Kuminga misses 2-pt jump shot from 8 ft,0-0, 
11:23.0, ,0-0,Defensive rebound by A. Gordon
11:19.0, ,0-2,A. Gordon makes 2-pt dunk from 1 ft
10:55.0,Turnover by K. Thompson (step out of bounds),0-2, 
10:42.0, ,0-4,J. Murray makes 2-pt jump shot from 13 ft
10:28.0,K. Looney misses 2-pt layup from 1 ft,0-4, 
10:26.0, ,0-4,Defensive rebound by M. Porter
10:22.0, ,0-4,A. Gordon misses 3-pt jump shot from 25 ft
10:19.0,Defensive rebound by J. Kuminga,0-4, 
10:09.0,Personal foul by K. Caldwell-Pope (drawn by K. Looney),0-4, 
10:03.0,Turnover by K. Thompson (out of bounds lost ball),0-4, 
9:50.0, ,0-6,J. Murray makes 2-pt jump shot from 13 ft
9:35.0,S. Curry misses 3-pt jump shot from 27 ft,0-6, 
9:32.0, ,0-6,Defensive rebound by N. Jokić
9:21.0, ,0-6,K. Caldwell-Pope misses 3-pt jump shot from 22 ft
9:18.0,Defensive rebound by K. Thompson,0-6, 
9:08.0,J. Kuminga misses 3-pt jump shot from 26 ft,0-6, 
9:05.0,Offensive rebound by B. Podziemski,0-6, 
9:04.0,K. Thompson makes 3-pt jump shot from 26 ft (assist by B. Podziemski),3-6, 
8:45.0, ,3-6,J. Murray misses 2-pt jump shot from 10 ft
8:41.0,Defensive rebound by J. Kuminga,3-6, 
8:34.0,K. Thompson misses 2-pt jump shot from 20 ft,3-6, 
8:30.0, ,3-6,Defensive rebound by M. Porter
8:25.0, ,3-6,M. Porter misses 3-pt jump shot from 26 ft
8:21.0, ,3-6,Offensive rebound by N. Jokić
8:17.0, ,3-6,A. Gordon misses 3-pt jump shot from 23 ft
8:14.0,Defensive rebound by K. Looney,3-6, 
7:55.0,Shooting foul by J. Murray (drawn by B. Podziemski),3-6, 
7:55.0,B. Podziemski makes free throw 1 of 2,4-6, 
7:55.0,B. Podziemski makes free throw 2 of 2,5-6, 
7:43.0, ,5-8,M. Porter makes 2-pt dunk from 2 ft (assist by K. Caldwell-Pope)
7:43.0,Golden State full timeout,5-8, 
7:28.0,S. Curry misses 2-pt jump shot from 13 ft,5-8, 
7:26.0,Offensive rebound by S. Curry,5-8, 
7:23.0,B. Podziemski misses 2-pt jump shot from 14 ft,5-8, 
7:20.0,Offensive rebound by B. Podziemski,5-8, 
7:17.0,J. Kuminga makes 2-pt jump shot from 5 ft (assist by B. Podziemski),7-8, 
6:58.0, ,7-11,M. Porter makes 3-pt jump shot from 24 ft (assist by N. Jokić)
6:40.0,J. Kuminga misses 2-pt layup from 3 ft,7-11, 
6:37.0, ,7-11,Defensive rebound by A. Gordon
6:25.0, ,7-11,J. Murray misses 2-pt jump shot from 8 ft (block by S. Curry)
6:25.0, ,7-11,Offensive rebound by J. Murray
6:25.0, ,7-11,J. Murray misses 2-pt layup from 1 ft
6:25.0, ,7-11,Offensive rebound by Team
6:25.0,C. Paul enters the game for B. Podziemski,7-11, 
6:20.0, ,7-14,M. Porter makes 3-pt jump shot from 23 ft (assist by A. Gordon)
5:53.0,Turnover by K. Looney (lost ball; steal by A. Gordon),7-14, 
5:49.0, ,7-14,Offensive foul by A. Gordon (drawn by S. Curry)
5:49.0, ,7-14,Turnover by A. Gordon (offensive foul)
5:49.0,T. Jackson-Davis enters the game for K. Looney,7-14, 
5:39.0,K. Thompson makes 3-pt jump shot from 25 ft (assist by S. Curry),10-14, 
5:20.0, ,10-14,M. Porter misses 2-pt layup from 2 ft (block by K. Thompson)
5:17.0,Defensive rebound by K. Thompson,10-14, 
5:12.0,K. Thompson misses 2-pt jump shot from 12 ft,10-14, 
5:10.0, ,10-14,Defensive rebound by M. Porter
4:57.0, ,10-17,K. Caldwell-Pope makes 3-pt jump shot from 24 ft (assist by M. Porter)
4:34.0,Shooting foul by A. Gordon (drawn by J. Kuminga),10-17, 
4:34.0,J. Kuminga makes free throw 1 of 2,11-17, 
4:34.0,A. Wiggins enters the game for K. Thompson,11-17, 
4:34.0, ,11-17,P. Watson enters the game for A. Gordon
4:34.0,J. Kuminga makes free throw 2 of 2,12-17, 
4:23.0, ,12-19,M. Porter makes 2-pt dunk from 1 ft (assist by K. Caldwell-Pope)
4:07.0,J. Kuminga makes 2-pt layup from 1 ft,14-19, 
3:54.0, ,14-19,J. Murray misses 2-pt jump shot from 4 ft
3:54.0, ,14-19,Offensive rebound by Team
3:54.0,D. Šarić enters the game for J. Kuminga,14-19, 
3:49.0, ,14-21,N. Jokić makes 2-pt hook shot from 6 ft (assist by J. Murray)
3:39.0,T. Jackson-Davis misses 2-pt dunk from 2 ft (block by M. Porter),14-21, 
3:36.0, ,14-21,Defensive rebound by N. Jokić
3:32.0, ,14-24,K. Caldwell-Pope makes 3-pt jump shot from 26 ft (assist by N. Jokić)
3:21.0,A. Wiggins makes 3-pt jump shot from 23 ft (assist by S. Curry),17-24, 
2:59.0, ,17-24,Personal foul by T. Jackson-Davis (drawn by M. Porter)
2:59.0, ,17-24,Denver full timeout
2:59.0,B. Podziemski enters the game for S. Curry,17-24, 
2:59.0, ,17-24,R. Jackson enters the game for J. Murray
2:51.0, ,17-26,P. Watson makes 2-pt dunk from 2 ft (assist by N. Jokić)
2:33.0,A. Wiggins misses 3-pt jump shot from 24 ft,17-26, 
2:28.0, ,17-26,Defensive rebound by N. Jokić
2:21.0, ,17-26,M. Porter misses 3-pt jump shot from 26 ft
2:18.0,Defensive rebound by D. Šarić,17-26, 
2:13.0,D. Šarić misses 3-pt jump shot from 27 ft,17-26, 
2:13.0,Offensive rebound by Team,17-26, 
2:13.0, ,17-26,C. Braun enters the game for K. Caldwell-Pope
2:13.0, ,17-26,Z. Nnaji enters the game for N. Jokić
2:13.0, ,17-26,J. Strawther enters the game for M. Porter
2:08.0,Personal foul by Z. Nnaji (drawn by B. Podziemski),17-26, 
2:01.0,Turnover by A. Wiggins (bad pass; steal by Z. Nnaji),17-26, 
1:43.0, ,17-26,Turnover by P. Watson (back court)
1:33.0,B. Podziemski makes 3-pt jump shot from 24 ft,20-26, 
1:16.0, ,20-26,R. Jackson misses 2-pt jump shot from 17 ft
1:13.0,Defensive rebound by C. Paul,20-26, 
1:08.0,T. Jackson-Davis makes 2-pt dunk from 1 ft (assist by D. Šarić),22-26, 
1:08.0, ,22-26,Denver full timeout
0:57.0, ,22-26,Personal foul by A. Wiggins (drawn by Z. Nnaji)
0:53.0, ,22-29,C. Braun makes 3-pt jump shot from 25 ft (assist by R. Jackson)
0:35.0,D. Šarić makes 2-pt layup from 1 ft (assist by C. Paul),24-29, 
0:29.0, ,24-29,Turnover by R. Jackson (bad pass; steal by B. Podziemski)
0:05.0,C. Paul misses 3-pt jump shot from 22 ft,24-29, 
0:01.0,Offensive rebound by D. Šarić,24-29, 
0:01.0,D. Šarić makes 2-pt layup from 2 ft,26-29, 
11:40.0,D. Šarić makes 2-pt hook shot from 6 ft,28-29, 
11:21.0, ,28-32,M. Porter makes 3-pt jump shot from 23 ft (assist by R. Jackson)
11:09.0,D. Šarić misses 2-pt jump shot from 19 ft,28-32, 
11:01.0,Offensive rebound by A. Wiggins,28-32, 
11:01.0,A. Wiggins misses 2-pt layup at rim,28-32, 
11:01.0, ,28-32,Defensive rebound by M. Porter
10:56.0, ,28-34,M. Porter makes 2-pt jump shot from 21 ft (assist by C. Braun)
10:37.0,B. Podziemski makes 3-pt jump shot from 27 ft (assist by C. Paul),31-34, 
10:15.0, ,31-34,R. Jackson misses 2-pt jump shot from 11 ft
10:15.0,Defensive rebound by K. Thompson,31-34, 
9:59.0,C. Paul makes 3-pt jump shot from 25 ft (assist by D. Šarić),34-34, 
9:40.0, ,34-37,P. Watson makes 3-pt jump shot from 22 ft (assist by R. Jackson)
9:25.0,Shooting foul by C. Braun (drawn by A. Wiggins),34-37, 
9:25.0,A. Wiggins makes free throw 1 of 2,35-37, 
9:25.0,A. Wiggins makes free throw 2 of 2,36-37, 
9:07.0, ,36-37,Turnover by P. Watson (back court)
8:54.0,C. Paul makes 3-pt jump shot from 24 ft (assist by A. Wiggins),39-37, 
8:52.0, ,39-37,Denver full timeout
8:52.0, ,39-37,K. Caldwell-Pope enters the game for C. Braun
8:52.0, ,39-37,A. Gordon enters the game for Z. Nnaji
8:52.0, ,39-37,N. Jokić enters the game for P. Watson
8:42.0, ,39-37,Turnover by N. Jokić (bad pass)
8:42.0, ,39-37,Violation by Team (delay of game)
8:30.0,D. Šarić makes 2-pt layup from 1 ft,41-37, 
8:18.0, ,41-37,Turnover by R. Jackson (bad pass; steal by B. Podziemski)
8:14.0,Shooting foul by N. Jokić (drawn by A. Wiggins),41-37, 
8:14.0,A. Wiggins makes free throw 1 of 2,42-37, 
8:14.0, ,42-37,J. Murray enters the game for R. Jackson
8:14.0,A. Wiggins makes free throw 2 of 2,43-37, 
7:59.0, ,43-37,Shooting foul by A. Wiggins (drawn by A. Gordon)
7:59.0, ,43-37,A. Gordon misses free throw 1 of 2
7:59.0, ,43-37,Offensive rebound by Team
7:59.0,S. Curry enters the game for C. Paul,43-37, 
7:59.0,J. Kuminga enters the game for A. Wiggins,43-37, 
7:59.0, ,43-37,A. Gordon misses free throw 2 of 2
7:56.0,Defensive rebound by J. Kuminga,43-37, 
7:47.0,K. Thompson misses 3-pt jump shot from 24 ft,43-37, 
7:44.0, ,43-37,Defensive rebound by J. Murray
7:37.0, ,43-37,K. Caldwell-Pope misses 3-pt jump shot from 26 ft
7:34.0,Defensive rebound by B. Podziemski,43-37, 
7:25.0,B. Podziemski misses 2-pt jump shot from 19 ft,43-37, 
7:22.0, ,43-37,Defensive rebound by N. Jokić
7:13.0, ,43-37,N. Jokić misses 2-pt hook shot from 3 ft
7:10.0,Defensive rebound by J. Kuminga,43-37, 
7:06.0,Turnover by J. Kuminga (bad pass; steal by J. Murray),43-37, 
7:00.0, ,43-37,Shooting foul by J. Kuminga (drawn by N. Jokić)
7:00.0, ,43-38,N. Jokić makes free throw 1 of 2
7:00.0,T. Jackson-Davis enters the game for D. Šarić,43-38, 
7:00.0, ,43-39,N. Jokić makes free throw 2 of 2
6:52.0,S. Curry misses 3-pt jump shot from 29 ft,43-39, 
6:48.0, ,43-39,Defensive rebound by K. Caldwell-Pope
6:36.0, ,43-39,K. Caldwell-Pope misses 3-pt jump shot from 22 ft
6:32.0,Defensive rebound by T. Jackson-Davis,43-39, 
6:12.0,J. Kuminga misses 2-pt jump shot from 13 ft (block by M. Porter),43-39, 
6:10.0, ,43-39,Defensive rebound by K. Caldwell-Pope
5:59.0, ,43-42,A. Gordon makes 3-pt jump shot from 24 ft (assist by K. Caldwell-Pope)
5:57.0,Golden State full timeout,43-42, 
5:57.0,M. Moody enters the game for K. Thompson,43-42, 
5:46.0,Def 3 sec tech foul by Team,43-42, 
5:46.0,S. Curry makes technical free throw,44-42, 
5:41.0,Turnover by B. Podziemski (bad pass; steal by J. Murray),44-42, 
5:37.0, ,44-42,Turnover by J. Murray (bad pass; steal by B. Podziemski)
5:32.0,Turnover by B. Podziemski (bad pass; steal by K. Caldwell-Pope),44-42, 
5:27.0, ,44-44,J. Murray makes 2-pt layup at rim (assist by K. Caldwell-Pope)
5:16.0,Shooting foul by J. Murray (drawn by T. Jackson-Davis),44-44, 
5:16.0,T. Jackson-Davis makes free throw 1 of 2,45-44, 
5:16.0,C. Paul enters the game for B. Podziemski,45-44, 
5:16.0,T. Jackson-Davis makes free throw 2 of 2,46-44, 
5:09.0, ,46-44,N. Jokić misses 2-pt jump shot from 13 ft
5:06.0, ,46-44,Offensive rebound by N. Jokić
5:04.0, ,46-44,J. Murray misses 3-pt jump shot from 24 ft
4:56.0, ,46-44,Offensive rebound by A. Gordon
4:56.0, ,46-46,A. Gordon makes 2-pt dunk at rim
4:45.0,S. Curry misses 3-pt jump shot from 26 ft,46-46, 
4:42.0, ,46-46,Defensive rebound by J. Murray
4:34.0, ,46-49,J. Murray makes 3-pt jump shot from 25 ft
4:16.0,C. Paul misses 2-pt jump shot from 16 ft,46-49, 
4:13.0, ,46-49,Defensive rebound by A. Gordon
4:06.0, ,46-49,Shooting foul by T. Jackson-Davis (drawn by N. Jokić)
4:06.0, ,46-50,N. Jokić makes free throw 1 of 2
4:06.0, ,46-51,N. Jokić makes free throw 2 of 2
3:48.0,Turnover by S. Curry (step out of bounds),46-51, 
3:26.0, ,46-53,J. Murray makes 2-pt jump shot from 18 ft (assist by N. Jokić)
3:25.0,Golden State full timeout,46-53, 
3:25.0,K. Looney enters the game for T. Jackson-Davis,46-53, 
3:25.0,K. Thompson enters the game for J. Kuminga,46-53, 
3:25.0,A. Wiggins enters the game for M. Moody,46-53, 
3:13.0,A. Wiggins makes 3-pt jump shot from 26 ft (assist by K. Looney),49-53, 
2:52.0, ,49-53,M. Porter misses 3-pt jump shot from 23 ft
2:52.0,Defensive rebound by Team,49-53, 
2:46.0,S. Curry makes 3-pt jump shot from 27 ft,52-53, 
2:27.0, ,52-53,J. Murray misses 2-pt jump shot from 18 ft
2:24.0,Defensive rebound by K. Looney,52-53, 
2:19.0,Turnover by S. Curry (traveling),52-53, 
1:57.0, ,52-53,K. Caldwell-Pope misses 3-pt jump shot from 26 ft
1:55.0,Defensive rebound by K. Looney,52-53, 
1:42.0,Personal foul by J. Murray (drawn by A. Wiggins),52-53, 
1:42.0, ,52-53,R. Jackson enters the game for J. Murray
1:26.0,K. Looney makes 2-pt layup from 3 ft,54-53, 
1:10.0, ,54-53,N. Jokić misses 3-pt jump shot from 24 ft
1:06.0,Defensive rebound by A. Wiggins,54-53, 
0:54.0,C. Paul misses 2-pt jump shot from 10 ft,54-53, 
0:52.0, ,54-53,Defensive rebound by Team
0:40.0, ,54-53,Turnover by R. Jackson (bad pass)
0:40.0, ,54-53,P. Watson enters the game for R. Jackson
0:33.0, ,54-53,Violation by Team (kicked ball)
0:32.0,Turnover by K. Thompson (traveling),54-53, 
0:24.0, ,54-53,Personal foul by A. Wiggins (drawn by A. Gordon)
0:24.0,B. Podziemski enters the game for A. Wiggins,54-53, 
0:13.0, ,54-53,M. Porter misses 3-pt jump shot from 24 ft
0:10.0,Defensive rebound by Team,54-53, 
0:10.0,T. Jackson-Davis enters the game for K. Looney,54-53, 
0:10.0, ,54-53,C. Braun enters the game for A. Gordon
0:00.0,K. Thompson misses 3-pt jump shot from 27 ft,54-53, 
0:00.0, ,54-53,Defensive rebound by M. Porter
0:00.0, ,54-53,M. Porter misses 3-pt jump shot from 66 ft
0:00.0, ,54-53,Offensive rebound by Team
11:47.0,S. Curry misses 3-pt jump shot from 27 ft,54-53, 
11:43.0,Offensive rebound by B. Podziemski,54-53, 
11:42.0,S. Curry misses 3-pt jump shot from 26 ft,54-53, 
11:39.0, ,54-53,Defensive rebound by M. Porter
11:32.0, ,54-53,Personal foul by K. Thompson (drawn by A. Gordon)
11:21.0, ,54-55,A. Gordon makes 2-pt dunk at rim (assist by K. Caldwell-Pope)
11:07.0,K. Looney makes 2-pt layup from 3 ft (assist by S. Curry),56-55, 
10:50.0, ,56-55,A. Gordon misses 3-pt jump shot from 24 ft
10:46.0,Defensive rebound by S. Curry,56-55, 
10:41.0,Shooting foul by N. Jokić (drawn by J. Kuminga),56-55, 
10:41.0,J. Kuminga makes free throw 1 of 2,57-55, 
10:41.0,J. Kuminga makes free throw 2 of 2,58-55, 
10:29.0, ,58-55,K. Caldwell-Pope misses 2-pt layup from 2 ft
10:27.0, ,58-55,Offensive rebound by A. Gordon
10:24.0, ,58-58,K. Caldwell-Pope makes 3-pt jump shot from 22 ft (assist by N. Jokić)
10:04.0,J. Kuminga makes 2-pt layup at rim (assist by K. Thompson),60-58, 
9:42.0, ,60-60,J. Murray makes 2-pt jump shot from 7 ft
9:33.0,Shooting foul by M. Porter (drawn by J. Kuminga),60-60, 
9:33.0,J. Kuminga misses free throw 1 of 2,60-60, 
9:33.0,Offensive rebound by Team,60-60, 
9:33.0,J. Kuminga makes free throw 2 of 2,61-60, 
9:14.0, ,61-60,Turnover by N. Jokić (bad pass; steal by B. Podziemski)
9:10.0,S. Curry makes 2-pt layup from 3 ft (assist by J. Kuminga),63-60, 
9:01.0, ,63-60,Shooting foul by B. Podziemski (drawn by J. Murray)
9:01.0, ,63-61,J. Murray makes free throw 1 of 3
9:01.0, ,63-62,J. Murray makes free throw 2 of 3
9:01.0, ,63-63,J. Murray makes free throw 3 of 3
8:50.0,S. Curry makes 2-pt layup from 1 ft,65-63, 
8:38.0, ,65-66,J. Murray makes 3-pt jump shot from 25 ft
8:12.0,J. Kuminga makes 2-pt dunk from 1 ft (assist by B. Podziemski),67-66, 
7:49.0, ,67-68,A. Gordon makes 2-pt dunk at rim (assist by N. Jokić)
7:33.0,S. Curry misses 2-pt jump shot from 16 ft,67-68, 
7:31.0, ,67-68,Defensive rebound by A. Gordon
7:28.0, ,67-70,K. Caldwell-Pope makes 2-pt dunk at rim (assist by A. Gordon)
7:10.0,S. Curry makes 3-pt jump shot from 25 ft (assist by B. Podziemski),70-70, 
7:00.0, ,70-70,Shooting foul by K. Looney (drawn by N. Jokić)
7:00.0, ,70-71,N. Jokić makes free throw 1 of 2
7:00.0,C. Paul enters the game for B. Podziemski,70-71, 
7:00.0, ,70-72,N. Jokić makes free throw 2 of 2
6:45.0,Shooting foul by J. Murray (drawn by J. Kuminga),70-72, 
6:45.0, ,70-72,Denver full timeout
6:45.0, ,70-72,Instant Replay (Challenge: Stands)
6:45.0, ,70-72,R. Jackson enters the game for J. Murray
6:45.0,J. Kuminga misses free throw 1 of 2,70-72, 
6:45.0,Offensive rebound by Team,70-72, 
6:45.0,J. Kuminga misses free throw 2 of 2,70-72, 
6:43.0, ,70-72,Defensive rebound by M. Porter
6:29.0, ,70-72,Shooting foul by S. Curry (drawn by N. Jokić)
6:29.0, ,70-73,N. Jokić makes free throw 1 of 2
6:29.0, ,70-74,N. Jokić makes free throw 2 of 2
6:15.0,K. Thompson makes 3-pt jump shot from 25 ft (assist by C. Paul),73-74, 
5:57.0, ,73-74,M. Porter misses 3-pt jump shot from 26 ft
5:54.0,Defensive rebound by C. Paul,73-74, 
5:49.0,K. Thompson misses 3-pt jump shot from 26 ft (block by M. Porter),73-74, 
5:44.0, ,73-74,Defensive rebound by M. Porter
5:39.0, ,73-76,M. Porter makes 2-pt layup from 1 ft
5:21.0,S. Curry misses 2-pt jump shot from 9 ft,73-76, 
5:21.0, ,73-76,Defensive rebound by K. Caldwell-Pope
5:13.0, ,73-76,Personal foul by C. Paul (drawn by R. Jackson)
5:13.0, ,73-77,R. Jackson makes free throw 1 of 2
5:13.0,T. Jackson-Davis enters the game for J. Kuminga,73-77, 
5:13.0,D. Šarić enters the game for K. Looney,73-77, 
5:13.0,A. Wiggins enters the game for K. Thompson,73-77, 
5:13.0, ,73-77,P. Watson enters the game for A. Gordon
5:13.0, ,73-78,R. Jackson makes free throw 2 of 2
4:51.0,T. Jackson-Davis makes 2-pt layup at rim (assist by S. Curry),75-78, 
4:45.0, ,75-78,Offensive foul by R. Jackson (drawn by S. Curry)
4:45.0, ,75-78,Turnover by R. Jackson (offensive foul)
4:37.0,S. Curry misses 3-pt jump shot from 26 ft,75-78, 
4:34.0, ,75-78,Defensive rebound by N. Jokić
4:28.0, ,75-78,P. Watson misses 2-pt layup from 2 ft
4:26.0,Defensive rebound by T. Jackson-Davis,75-78, 
4:21.0,D. Šarić misses 3-pt jump shot from 24 ft,75-78, 
4:18.0, ,75-78,Defensive rebound by N. Jokić
4:14.0, ,75-81,K. Caldwell-Pope makes 3-pt jump shot from 22 ft (assist by P. Watson)
3:53.0,C. Paul misses 2-pt jump shot from 18 ft,75-81, 
3:49.0,Offensive rebound by C. Paul,75-81, 
3:49.0,C. Paul makes 2-pt jump shot from 13 ft,77-81, 
3:43.0, ,77-81,Personal foul by T. Jackson-Davis (drawn by N. Jokić)
3:43.0, ,77-82,N. Jokić makes free throw 1 of 2
3:43.0,Golden State full timeout,77-82, 
3:43.0,B. Podziemski enters the game for S. Curry,77-82, 
3:43.0, ,77-82,C. Braun enters the game for M. Porter
3:43.0, ,77-83,N. Jokić makes free throw 2 of 2
3:36.0,Turnover by C. Paul (bad pass; steal by K. Caldwell-Pope),77-83, 
3:31.0, ,77-85,K. Caldwell-Pope makes 2-pt layup from 1 ft
3:11.0,D. Šarić misses 2-pt layup from 4 ft,77-85, 
3:09.0, ,77-85,Defensive rebound by N. Jokić
2:50.0, ,77-85,Shooting foul by T. Jackson-Davis (drawn by C. Braun)
2:50.0, ,77-85,C. Braun misses free throw 1 of 2
2:50.0, ,77-85,Offensive rebound by Team
2:50.0, ,77-85,C. Braun misses free throw 2 of 2
2:47.0,Defensive rebound by B. Podziemski,77-85, 
2:36.0,T. Jackson-Davis makes 2-pt dunk from 1 ft (assist by B. Podziemski),79-85, 
2:21.0, ,79-85,N. Jokić misses 2-pt jump shot from 13 ft
2:17.0,Defensive rebound by D. Šarić,79-85, 
2:11.0,C. Paul makes 3-pt jump shot from 26 ft,82-85, 
1:53.0, ,82-88,C. Braun makes 3-pt jump shot from 24 ft (assist by N. Jokić)
1:35.0,B. Podziemski makes 3-pt jump shot from 26 ft (assist by T. Jackson-Davis),85-88, 
1:07.0, ,85-88,P. Watson misses 2-pt jump shot from 10 ft
1:02.0,Defensive rebound by T. Jackson-Davis,85-88, 
0:58.0,Shooting foul by P. Watson (drawn by D. Šarić),85-88, 
0:58.0,D. Šarić makes free throw 1 of 2,86-88, 
0:58.0, ,86-88,J. Strawther enters the game for K. Caldwell-Pope
0:58.0,D. Šarić makes free throw 2 of 2,87-88, 
0:44.0, ,87-88,N. Jokić misses 2-pt jump shot from 11 ft
0:42.0, ,87-88,Offensive rebound by N. Jokić
0:41.0, ,87-88,N. Jokić misses 2-pt layup from 2 ft
0:41.0, ,87-88,Offensive rebound by N. Jokić
0:41.0, ,87-88,Shooting foul by T. Jackson-Davis (drawn by N. Jokić)
0:41.0, ,87-89,N. Jokić makes free throw 1 of 2
0:41.0,S. Curry enters the game for T. Jackson-Davis,87-89, 
0:41.0, ,87-90,N. Jokić makes free throw 2 of 2
0:33.0,Shooting foul by P. Watson (drawn by D. Šarić),87-90, 
0:33.0,D. Šarić makes free throw 1 of 2,88-90, 
0:33.0, ,88-90,M. Porter enters the game for C. Braun
0:33.0,D. Šarić makes free throw 2 of 2,89-90, 
0:27.0, ,89-90,Personal foul by D. Šarić (drawn by N. Jokić)
0:27.0, ,89-91,N. Jokić makes free throw 1 of 2
0:27.0, ,89-91,C. Braun enters the game for M. Porter
0:27.0, ,89-92,N. Jokić makes free throw 2 of 2
0:04.0,S. Curry misses 3-pt jump shot from 27 ft,89-92, 
0:04.0,Offensive rebound by D. Šarić,89-92, 
0:00.0,C. Paul misses 3-pt jump shot from 25 ft,89-92, 
0:00.0,Offensive rebound by Team,89-92, 
11:46.0, ,89-92,J. Murray misses 2-pt jump shot from 14 ft
11:43.0,Defensive rebound by A. Wiggins,89-92, 
11:43.0,Turnover by A. Wiggins (out of bounds lost ball),89-92, 
11:26.0, ,89-92,C. Braun misses 2-pt jump shot from 4 ft
11:24.0,Defensive rebound by B. Podziemski,89-92, 
11:20.0,A. Wiggins makes 2-pt layup at rim (assist by B. Podziemski),91-92, 
11:11.0, ,91-92,Offensive foul by C. Braun (drawn by A. Wiggins)
11:11.0, ,91-92,Turnover by C. Braun (offensive foul)
10:55.0,D. Šarić misses 2-pt layup at rim,91-92, 
10:52.0,Offensive rebound by B. Podziemski,91-92, 
10:48.0,D. Šarić makes 2-pt layup from 1 ft,93-92, 
10:28.0, ,93-92,C. Braun misses 2-pt hook shot from 7 ft (block by A. Wiggins)
10:26.0,Defensive rebound by K. Thompson,93-92, 
10:17.0,Shooting foul by C. Braun (drawn by A. Wiggins),93-92, 
10:17.0,A. Wiggins makes free throw 1 of 2,94-92, 
10:17.0, ,94-92,M. Porter enters the game for C. Braun
10:17.0,A. Wiggins makes free throw 2 of 2,95-92, 
10:04.0, ,95-94,A. Gordon makes 2-pt layup from 1 ft (assist by J. Murray)
9:56.0,D. Šarić misses 3-pt jump shot from 24 ft,95-94, 
9:53.0, ,95-94,Defensive rebound by M. Porter
9:40.0, ,95-94,Turnover by J. Murray (bad pass; steal by K. Thompson)
9:34.0,A. Wiggins misses 3-pt jump shot from 25 ft,95-94, 
9:31.0, ,95-94,Defensive rebound by J. Murray
9:22.0, ,95-94,J. Murray misses 3-pt jump shot from 26 ft
9:18.0,Defensive rebound by B. Podziemski,95-94, 
9:11.0,K. Thompson misses 3-pt jump shot from 26 ft,95-94, 
9:08.0, ,95-94,Defensive rebound by Team
8:55.0, ,95-94,M. Porter misses 3-pt jump shot from 26 ft
8:55.0,Defensive rebound by K. Thompson,95-94, 
8:44.0,K. Thompson misses 3-pt jump shot from 23 ft,95-94, 
8:44.0, ,95-94,Defensive rebound by A. Gordon
8:37.0, ,95-94,Turnover by A. Gordon (lost ball; steal by B. Podziemski)
8:35.0,B. Podziemski makes 2-pt layup from 2 ft,97-94, 
8:22.0, ,97-96,J. Strawther makes 2-pt jump shot from 10 ft (assist by J. Murray)
8:22.0, ,97-96,Shooting foul by D. Šarić (drawn by J. Strawther)
8:22.0,S. Curry enters the game for C. Paul,97-96, 
8:22.0, ,97-96,N. Jokić enters the game for A. Gordon
8:22.0, ,97-96,J. Strawther misses free throw 1 of 1
8:16.0,Defensive rebound by D. Šarić,97-96, 
8:06.0,B. Podziemski misses 3-pt jump shot from 22 ft,97-96, 
8:03.0, ,97-96,Defensive rebound by N. Jokić
7:57.0, ,97-98,M. Porter makes 2-pt layup from 1 ft
7:41.0,K. Thompson misses 3-pt jump shot from 24 ft,97-98, 
7:37.0, ,97-98,Defensive rebound by N. Jokić
7:25.0, ,97-100,J. Murray makes 2-pt dunk from 2 ft (assist by N. Jokić)
7:25.0,Golden State full timeout,97-100, 
7:25.0,J. Kuminga enters the game for D. Šarić,97-100, 
7:25.0,K. Looney enters the game for K. Thompson,97-100, 
7:25.0, ,97-100,K. Caldwell-Pope enters the game for J. Strawther
7:12.0,S. Curry makes 2-pt jump shot from 20 ft (assist by K. Looney),99-100, 
6:50.0, ,99-102,N. Jokić makes 2-pt layup from 1 ft
6:27.0,A. Wiggins makes 2-pt jump shot from 10 ft (assist by J. Kuminga),101-102, 
6:08.0, ,101-102,Personal foul by K. Looney (drawn by N. Jokić)
5:59.0, ,101-102,P. Watson misses 3-pt jump shot from 24 ft
5:56.0,Defensive rebound by J. Kuminga,101-102, 
5:38.0,A. Wiggins makes 2-pt hook shot from 5 ft,103-102, 
5:16.0, ,103-104,N. Jokić makes 2-pt hook shot from 6 ft
5:04.0,Offensive foul by S. Curry (drawn by N. Jokić),103-104, 
5:04.0,Turnover by S. Curry (offensive foul),103-104, 
5:04.0, ,103-104,A. Gordon enters the game for P. Watson
4:46.0, ,103-104,K. Caldwell-Pope misses 3-pt jump shot from 26 ft
4:42.0,Defensive rebound by B. Podziemski,103-104, 
4:39.0,S. Curry misses 3-pt jump shot from 25 ft,103-104, 
4:36.0, ,103-104,Defensive rebound by Team
4:19.0, ,103-104,Personal foul by S. Curry (drawn by N. Jokić)
4:13.0, ,103-104,N. Jokić misses 3-pt jump shot from 25 ft
4:13.0, ,103-104,Offensive rebound by A. Gordon
4:13.0, ,103-106,A. Gordon makes 2-pt layup from 3 ft
3:56.0,S. Curry makes 2-pt layup from 1 ft,105-106, 
3:50.0, ,105-106,Shooting foul by A. Wiggins (drawn by N. Jokić)
3:50.0, ,105-107,N. Jokić makes free throw 1 of 2
3:50.0,K. Thompson enters the game for J. Kuminga,105-107, 
3:50.0, ,105-108,N. Jokić makes free throw 2 of 2
3:37.0,S. Curry misses 2-pt layup from 5 ft,105-108, 
3:34.0, ,105-108,Defensive rebound by A. Gordon
3:32.0, ,105-108,K. Caldwell-Pope misses 2-pt layup from 2 ft
3:32.0, ,105-108,Offensive rebound by K. Caldwell-Pope
3:22.0, ,105-110,J. Murray makes 2-pt jump shot from 16 ft
2:58.0,A. Wiggins makes 2-pt jump shot from 5 ft,107-110, 
2:32.0, ,107-113,J. Murray makes 3-pt jump shot from 26 ft
2:13.0,A. Wiggins misses 2-pt jump shot from 20 ft,107-113, 
2:12.0, ,107-113,Defensive rebound by N. Jokić
2:05.0, ,107-113,M. Porter misses 2-pt jump shot from 23 ft
2:02.0, ,107-113,Offensive rebound by A. Gordon
2:02.0, ,107-113,Shooting foul by K. Looney (drawn by A. Gordon)
2:02.0, ,107-113,Denver full timeout
2:02.0,T. Jackson-Davis enters the game for K. Looney,107-113, 
2:02.0,C. Paul enters the game for B. Podziemski,107-113, 
2:02.0, ,107-113,A. Gordon misses free throw 1 of 2
2:02.0, ,107-113,Offensive rebound by Team
2:02.0, ,107-114,A. Gordon makes free throw 2 of 2
1:47.0,S. Curry makes 3-pt jump shot from 26 ft (assist by A. Wiggins),110-114, 
1:32.0, ,110-114,Personal foul by A. Wiggins (drawn by N. Jokić)
1:32.0, ,110-115,N. Jokić makes free throw 1 of 2
1:32.0, ,110-116,N. Jokić makes free throw 2 of 2
1:13.0,K. Thompson misses 3-pt jump shot from 23 ft (block by M. Porter),110-116, 
1:13.0,Offensive rebound by Team,110-116, 
1:13.0,Golden State full timeout,110-116, 
1:13.0,D. Šarić enters the game for T. Jackson-Davis,110-116, 
1:11.0,S. Curry misses 3-pt jump shot from 24 ft,110-116, 
1:07.0, ,110-116,Defensive rebound by M. Porter
0:50.0, ,110-116,Turnover by N. Jokić (bad pass; steal by S. Curry)
0:43.0,A. Wiggins makes 2-pt layup from 9 ft,112-116, 
0:34.0, ,112-118,N. Jokić makes 2-pt dunk from 1 ft (assist by A. Gordon)
0:26.0,C. Paul makes 2-pt layup from 2 ft,114-118, 
0:19.0, ,114-118,Personal take foul by S. Curry (drawn by J. Murray)
0:19.0, ,114-119,J. Murray makes free throw 1 of 2
0:19.0, ,114-120,J. Murray makes free throw 2 of 2
0:14.0,S. Curry misses 3-pt jump shot from 28 ft,114-120, 
0:11.0, ,114-120,Defensive rebound by J. Murray
